chapter_id, name, description, lat, lon, city, state, country, urlname, member_count, founded_date, last_event, past_events, topics
18934089," ""MongoDB Ecuador"""," ""<p>Este grupo esta pensado para desarrolladores de software y para personas interesadas en aprender sobre MongoDB. la base de datos de cÌ_digo abierto basada en documentos JSON.</p>""",-0.003316126,-1.3700835," ""Quito""", ," ""Ecuador""", MongoDB-Ecuador,169," ""2015-09-15T09:19:23-04:00[US/Eastern]"""," ""2016-09-29T01:00:00-04:00[US/Eastern]""",5," ""Open Source. Database Professionals. JavaScript. Technology. Big Data. Database Development. Data Analytics. Computer programming. Cross Platform Development. MongoDB. document databases. Big Data Analytics"""
1780459," ""Stockholm MongoDB User Group"""," ""<p>FÌ_r anvÌ_ndare eller intresserade av dokumentdatabasen MongoDB.</p> <p>For users of the non-relational. open source. document-oriented database MongoDB.</p>""",1.0355039,0.315381," ""Stockholm""", ," ""Sweden""", Stockholm-MongoDB-User-Group,606," ""2011-02-08T16:01:26-05:00[US/Eastern]"""," ""2015-02-25T12:30:00-05:00[US/Eastern]""",18," ""Open Source. Technology. Database Development. NoSQL. MongoDB"""
20227297," ""Western New York MongoDB User Group"""," ""<p>This group is a place for developers in the Rochester. Buffalo. and Syracuse area to learn more about MongoDB. an open source. document-oriented. NoSQL database. If you are facing challenges with MySQL or Postgres or Oracle and want to explore a more flexible. scalable alternative. please join us at one of our regular sessions.</p>""",0.7534586,-1.3543755," ""Rochester"""," ""NY"""," ""USA""", Western-New-York-MongoDB-User-Group,33," ""2016-07-26T14:33:35-04:00[US/Eastern]""", ,0," ""Open Source. Technology. Big Data. Data Analytics. Computer programming. NoSQL. MongoDB. Big Data Analytics"""
19742223," ""El Salvador MongoDB User Group"""," ""<p>Un lugar para que desarrolladores puedan aprender acerca de MongoDB.&nbsp;</p> <p> <br></p> <p>A place for developers to learn about MongoDB.</p>""",0.23893556,-1.5566592," ""San Salvador""", ," ""El Salvador""", El-Salvador-MongoDB-User-Group,23," ""2016-03-21T23:43:01-04:00[US/Eastern]""", ,0," ""JavaScript. Big Data. Data Analytics. NoSQL. MongoDB. Using MongoDB in the cloud. Big Data Analytics. MongoDB on Azure"""
3612682," ""MongoDB User Group Berlin (@MUGBerlin)"""," ""<p>Meet. discuss and exchange stuff about MongoDB in Berlin.</p>""",0.91664696,0.23352505," ""Berlin""", ," ""Germany""", MUGBerlin,674," ""2012-04-05T11:50:11-04:00[US/Eastern]"""," ""2016-09-20T12:30:00-04:00[US/Eastern]""",25," ""User Group. berlin. NoSQL. MongoDB"""
19045196," ""Utah MongoDB User Group"""," ""This group is a place for developers. DBAs. CTOs. CIOs. and architects to share best practices on building and managing applications with MongoDB.""",0.71139616,-1.9530234," ""Salt Lake City"""," ""UT"""," ""USA""", Utah-MongoDB-User-Group,353," ""2015-10-20T12:55:40-04:00[US/Eastern]"""," ""2016-09-29T20:30:00-04:00[US/Eastern]""",13," ""Java. PHP. Open Source. Ruby. Data Management. Cloud Computing. Hadoop. Big Data. High Scalability Computing. Data Analytics. SQL. Computer programming. NoSQL. MongoDB. Big Data Analytics"""
19626522," ""Keizer MongoDB User Group"""," ""This is a group for those interested in learning more about the Open Source database MongoDB. All levels of experience are welcome. So whether you've been playing with MongoDB for a few months. or have built and scaled a robust MongoDB powered website. this group is for you. We will plan to meet on a regular basis and will focus on presentations. sharing our experience and use cases. and study sessions. We'd love to hear what you'd like to see out of the group and how you can help contribute to this growing community.""",0.78557265,-2.147104," ""Keizer"""," ""OR"""," ""USA""", Keizer-MongoDB-User-Group,18," ""2016-02-25T19:42:33-05:00[US/Eastern]""", ,0," ""Open Source. New Technology. Technology. Data Analytics. Computer programming. MongoDB. Big Data Analytics"""
18760925," ""Orlando MongoDB User Group"""," ""<p>This group is a place for developers. systems admins. and tech enthusiasts to learn more about the open source. document-oriented database MongoDB. &nbsp;MongoDB is the leading NoSQL database and many organizations are adopting this technology. &nbsp;If you are facing challenges with MySQL or Postgres or Oracle and want to explore a more flexible. scalable alternative. please join us at one of our sessions. &nbsp;</p>""",0.49811697,-1.4201745," ""Orlando"""," ""FL"""," ""USA""", Orlando-MongoDB-User-Group,254," ""2015-07-22T15:41:39-04:00[US/Eastern]"""," ""2016-10-13T18:30:00-04:00[US/Eastern]""",11," ""Java. PHP. Open Source. Ruby. Python. JavaScript. Scala. Big Data. Computer programming. NoSQL. nodeJS"""
4247302," ""Richmond MongoDB User Group"""," ""<p>This group is a place for developers to learn more about MongoDB. an open source. document-oriented. nosql database.</p>""",0.657291,-1.3531537," ""Glen Allen"""," ""VA"""," ""USA""", Richmond-MongoDB-User-Group,167," ""2012-07-06T16:44:16-04:00[US/Eastern]"""," ""2015-10-27T18:00:00-04:00[US/Eastern]""",17," ""Database Professionals. New Technology. Database Development. NoSQL. MongoDB"""
3931592," ""MongoDB Roma"""," ""<p>MongoDB Roma nasce con l'idea di attirare persone interessate alla tecnologia NoSQL ed in particolar modo quelle entusiaste di MongoDB. Le attivitÌÊ del gruppo saranno localizzate prevalentemente a Roma. da qui l'origine del nome. Ovviamente non si escludono eventi fuori dal contesto romano. Il gruppo Ì¬ aperto a tutti. piÌ_ siamo. meglio Ì¬!</p>""",0.73129296,0.21781708," ""Roma"""," ""RM"""," ""Italy""", MongoDB-Roma,199," ""2012-05-24T11:30:49-04:00[US/Eastern]"""," ""2014-11-08T08:30:00-05:00[US/Eastern]""",9," ""Java. PHP. Python. JavaScript. Cloud Computing. Hadoop. Big Data. MapReduce. SaaS (Software as a Service). NoSQL. JBoss Enterprise Middleware. nodeJS. MongoDB. Graph Databases"""
13304172," ""Toulouse MongoDB User Group"""," ""<p>This group is a place for developers to learn more about MongoDB. an open source. document-oriented. nosql database. If you are facing challenges with MySQL or Postgres or Oracle and want to explore a more flexible. scalable alternative. please join us at one of our monthly sessions.</p>""",0.7613126,0.025307275," ""Toulouse""", ," ""France""", Toulouse-MongoDB-User-Group,110," ""2014-03-12T11:02:45-04:00[US/Eastern]"""," ""2014-04-22T13:00:00-04:00[US/Eastern]""",1," ""Open Source. JavaScript. Hadoop. Big Data. Database Development. High Scalability Computing. MapReduce. NoSQL. nodeJS. MongoDB. Using MongoDB in the cloud"""
13339692," ""Miami MongoDB Meetup"""," ""This is a group for those interested in learning more about the Open Source database MongoDB. All levels of experience are welcome. So whether you've been playing with MongoDB for a few months. or have built and scaled a robust MongoDB powered website. this group is for you. We will plan to meet once a month and will focus on presentations. hackathons and study sessions. We'd love to hear what you'd like to see out of the group and how you can help contribute to this growing community.""",0.4490732,-1.4004521," ""Miami"""," ""FL"""," ""USA""", Miami-MongoDB-Meetup,136," ""2014-03-14T08:57:32-04:00[US/Eastern]"""," ""2015-02-17T19:00:00-05:00[US/Eastern]""",8," ""Open Source. JavaScript. Hadoop. Big Data. Database Development. High Scalability Computing. MapReduce. JSON. NoSQL. nodeJS. MongoDB. Using MongoDB in the cloud"""
13667882," ""Wroclaw MongoDB User Group"""," ""<p>Ta grupa jest miejscem spotkaÅã developerÌ_w. architektÌ_w i po prostu osÌ_b zainteresowanych NoSQL rozwi€Ézaniem MongoDB. Lubimy Open ne technologi€ª. ale napotykamy podobne problemy. Niech tematem spotkaÅã naszej grupy b€ªd€É sesj€ª pokazuj€Éce case'y. rozwi€Ézania lub problemy ktÌ_re napotykamy w codziennej pracy.åÊ</p>""",0.8920378,0.2972296," ""Wroclaw""", ," ""Poland""", Wroclaw-MongoDB-User-Group,61," ""2014-04-01T09:15:05-04:00[US/Eastern]""", ,0," ""Open Source. JavaScript. Hadoop. Big Data. Database Development. High Scalability Computing. MapReduce. JSON. NoSQL. nodeJS. MongoDB. Using MongoDB in the cloud"""
13764192," ""Bordeaux MongoDB User Group"""," ""<p>This group is a place for developers to learn more about MongoDB. an open source. document-oriented. nosql database. If you are facing challenges with MySQL or Postgres or Oracle and want to explore a more flexible. scalable alternative. please join us at one of our monthly sessions.</p>""",0.78260565,-0.010122909," ""Bordeaux""", ," ""France""", Bordeaux-MongoDB-User-Group,60," ""2014-04-06T17:55:27-04:00[US/Eastern]""", ,0," ""Open Source. JavaScript. New Technology. Hadoop. Big Data. Database Development. High Scalability Computing. MapReduce. JSON. NoSQL. Cassandra. nodeJS. MongoDB. Using MongoDB in the cloud"""
14041562," ""Nantes MongoDB User Group"""," ""<p><b>MongoDB</b> est une base de donnÌ©es nosql Open Source orientÌ©e document. Vous Ì»tes curieux et voulez dÌ©couvrir une base flexible et scalable ? Vous connaissez dÌ©jÌÊ mais voulez partager vos solutions ou problÌ¬mes ? <br> </p> <p><i>Vous Ì»tes au bon endroit.</i> <br> </p> <p> Suivez nous sur twitter <a href='https://twitter.com/nantesmug'>@nantesmug</a><br> </p>""",0.824319,-0.02740167," ""Nantes""", ," ""France""", Nantes-MongoDB-User-Group,226," ""2014-04-22T05:32:04-04:00[US/Eastern]"""," ""2016-09-21T13:00:00-04:00[US/Eastern]""",6," ""Open Source. JavaScript. Hadoop. Big Data. Database Development. High Scalability Computing. MapReduce. JSON. NoSQL. Cassandra. nodeJS. MongoDB. Using MongoDB in the cloud"""
14148232," ""Glasgow MongoDB User Group"""," ""<p>This group is a place for developers to learn more about the non-relational. open source. document-oriented database MongoDB. So if you are facing challenges with MySQL or Postgres or Oracle and want to explore a more flexible. scalable alternative. please join us at one of our monthly sessions.</p>""",0.9751154,-0.07417649," ""Glasgow""", ," ""United Kingdom""", Glasgow-MongoDB-User-Group,27," ""2014-04-28T05:34:12-04:00[US/Eastern]""", ,0," ""Open Source. JavaScript. Hadoop. Big Data. Database Development. High Scalability Computing. MapReduce. JSON. NoSQL. nodeJS. MongoDB. Using MongoDB in the cloud"""
14236362," ""Vilnius MongoDB User Group"""," ""<p>This group is a place for developers to learn more about the non-relational. open source. document-oriented database MongoDB. So if you are facing challenges with MySQL or Postgres or Oracle and want to explore a more flexible. scalable alternative. please join us at one of our monthly sessions.</p>""",0.9546951,0.44104472," ""Vilnius""", ," ""Lithuania""", Vilnius-MongoDB-User-Group,54," ""2014-05-02T17:58:36-04:00[US/Eastern]"""," ""2014-05-19T12:00:00-04:00[US/Eastern]""",1," ""Open Source. JavaScript. Hadoop. Big Data. Database Development. High Scalability Computing. MapReduce. JSON. NoSQL. nodeJS. MongoDB. Using MongoDB in the cloud"""
14848722," ""Warsaw MongoDB User Group"""," ""<p>This group is a place for developers to learn more about the non-relational. open source. document-oriented database MongoDB. So if you are facing challenges with MySQL or Postgres or Oracle and want to explore a more flexible. scalable alternative. please join us at one of our monthly sessions.</p>""",0.912109,0.36686823," ""Warsaw""", ," ""Poland""", Warsaw-MongoDB-User-Group,55," ""2014-06-03T04:20:50-04:00[US/Eastern]""", ,0," ""Open Source. JavaScript. Hadoop. Big Data. Database Development. High Scalability Computing. MapReduce. JSON. NoSQL. nodeJS. MongoDB. Using MongoDB in the cloud"""
14898502," ""Cairo MongoDB Meet up"""," ""<p>This group is a place for developers to learn more about the non-relational. open source. document-oriented database MongoDB. So if you are facing challenges with MySQL or Postgres or Oracle and want to explore a more flexible. scalable alternative. please join us at one of our monthly sessions.</p>""",0.524646,0.5454154," ""Cairo""", ," ""Egypt""", Cairo-MongoDB-Meet-up,73," ""2014-06-05T10:31:48-04:00[US/Eastern]""", ,0," ""Open Source. JavaScript. Hadoop. Big Data. Database Development. High Scalability Computing. MapReduce. JSON. NoSQL. Cassandra. nodeJS. MongoDB. Using MongoDB in the cloud"""
15315242," ""Iasi MongoDB-User-Group"""," ""<p>MongoDB Iasi User Group This group is a place for developers to learn more about the open source. JSON-based document database MongoDB from 10gen the leading NoSQL database. If you have a big data challenge ahead or would like to explore a more flexible. scalable alternative to the traditional MySQL. Postgres or Oracle please join us at one of our monthly sessions a context in which we like to share knowledge. experience and have some genuine fun.</p>""",0.82327175,0.48118728," ""Iasi""", ," ""Romania""", Iasi-MongoDB-User-Group,109," ""2014-06-25T15:15:07-04:00[US/Eastern]""", ,0," ""PHP. Open Source. Python. Big Data. Database Development. High Scalability Computing. MapReduce. JSON. NoSQL. MongoDB. Using MongoDB in the cloud"""
15436122," ""Mannheim MongoDB User Group"""," ""<p><span>Our group is about modern web- and data technologies. We meet to learn and discuss new ways working with data. We do talks and work shops.</span><br>  </p> <p>We're about exchanging our knowledge and ideas in a collegial. respectful manner.</p> <p>For more information visit our <a href='http://mongodb-mannheim.de'>website</a>.</p> <p><span>If you are interested in data and web stuff or mongoDB in particularåÊ</span><span>this is the place to be.åÊ</span><span>No matter if you are an expertåÊ</span><i>or just curious</i><span>.</span></p> <p>If you have a basic understanding of programming and databases åÊthere is nothing to worry about. We all have started small.</p> <p>We wantåÊ<span>to build up and curate a strong. open community in the Rhine-Neckar area.åÊ</span><span>Exchange of ideas and expertise.åÊ</span><span>help new users.</span></p> <p><i>Maybe world domination</i>.</p> <p><span>Most of the time we speak English since we are are diverse group of people from all over the world. Don't worry if your Englisch is not pÌ_rfekt.</span><br>  </p> <p>Members of our group are open. considerate &amp; respectful. Our group is a diverse set of skills. personalities. and experiences.</p> <p><b>See You!</b></p>""",0.863938,0.1478294," ""Mannheim""", ," ""Germany""", Mannheim-MongoDB-User-Group,244," ""2014-07-01T09:25:56-04:00[US/Eastern]"""," ""2016-05-03T13:00:00-04:00[US/Eastern]""",14," ""Java. Open Source. JavaScript. Hadoop. Big Data. Database Development. High Scalability Computing. Data Analytics. Computer programming. Data Mining. NoSQL. nodeJS. MongoDB. Big Data Analytics"""
16228902," ""Victoria MongoDB Meetup"""," ""This is a group for those interested in learning more about MongoDB!""",0.8457865,-2.1518164," ""Victoria"""," ""BC"""," ""Canada""", Victoria-MongoDB-Meetup,26," ""2014-08-06T15:24:19-04:00[US/Eastern]""", ,0," ""Java. Open Source. Python. JavaScript. Hadoop. Big Data. High Scalability Computing. MapReduce. Data Analytics. JSON. NoSQL. nodeJS. MongoDB. Using MongoDB in the cloud"""
16774102," ""Tbilisi MongoDB User Group"""," ""<p>A place for IT professionals and students around Georgia to learn more about the non-relational. open source. document-oriented database - MongoDB. MongoDB is the leading NoSQL database. If you are facing challenges with MySQL or Postgres or Oracle and want to explore a more flexible. salable alternative. please join us at our sessions.</p>""",0.7281514,0.781733," ""Tbilisi""", ," ""Georgia""", Tbilisi-MongoDB-User-Group,214," ""2014-09-03T13:58:15-04:00[US/Eastern]"""," ""2014-12-13T03:00:00-05:00[US/Eastern]""",1," ""Open Source. Python. New Technology. Big Data. Computer programming. NoSQL. MongoDB"""
18559216," ""Vancouver MongoDB User Group"""," ""<p><span>Vancouver MongoDB User Group (MUG)</span> <br></p> <p>This is a group for anyone interested in MongoDB use cases. studies and operation best practices. Whether you are a DBA or a developer new to MongoDB. all skills levels are welcome! If you are currently having challenges scaling your database backend and are considering a more scalable. flexible way to grow your database backend. please join us at one of our meetings.</p> <p>Looking forward to meeting everyone and making this an awesome meetup group.&nbsp;</p>""",0.86009824,-2.147453," ""Vancouver"""," ""BC"""," ""Canada""", Vancouver-MongoDB-User-Group,306," ""2015-04-22T14:12:15-04:00[US/Eastern]"""," ""2016-06-28T10:00:00-04:00[US/Eastern]""",4," ""Open Source. New Technology. Technology. Hadoop. Big Data. Database Development. High Scalability Computing. Data Analytics. Computer programming. NoSQL. MongoDB. Using MongoDB in the cloud. Big Data Analytics"""
1629296," ""New York MongoDB User Group"""," ""<p>This group is a place for developers to learn more about the open source. JSON-based document database MongoDB. MongoDB is the leading NoSQL database and many of the key committers are based right here in New York City. So if you are facing challenges with MySQL. Postgres or Oracle and want to explore a more flexible. scalable alternative. please join us at one of our monthly sessions. We typically meet on the third Tuesday of the month. have some pizza and network. and enjoy a presentation on MongoDB.</p>""",0.71139616,-1.2913691," ""New York"""," ""NY"""," ""USA""", New-York-MongoDB-User-Group,6153," ""2010-04-12T10:57:46-04:00[US/Eastern]"""," ""2016-10-06T18:00:00-04:00[US/Eastern]""",162," ""Java. PHP. Open Source. Ruby. Python. Software Development. JavaScript. New Technology. Cloud Computing. Big Data. Data Analytics. Computer programming. NoSQL. MongoDB"""
1631157," ""San Francisco MongoDB User Group"""," ""<p>This group is a place for developers to learn more about MongoDB. an open source. document-oriented. nosql database. If you are facing challenges with MySQL or Postgres or Oracle and want to explore a more flexible. scalable alternative. please join us at one of our monthly sessions. We typically meet on the second or third Tuesday of the month. have some pizza and network. and enjoy a presentation on Mongo.</p>""",0.6588618,-2.136632," ""San Francisco"""," ""CA"""," ""USA""", San-Francisco-MongoDB-User-Group,3167," ""2010-04-15T15:20:05-04:00[US/Eastern]"""," ""2016-09-29T00:30:00-04:00[US/Eastern]""",200," ""PHP. Open Source. Ruby. Python. Database Professionals. Software Development. New Technology. Web Technology. Technology. Big Data. Database Development. Computer programming. NoSQL. MongoDB"""
1726496," ""Chicago MongoDB User Group"""," ""<p>For users of the non-relational. open source. document-oriented database MongoDB. We meet once a month to discuss everything MongoDB including the MEAN Stack (MongoDB. ExpressJS. AngularJS and Node.js) and other MongoDB recipes! If you want to speak at the group. give a workshop or help organize an event. just get in touch. we would love to work together.</p>""",0.73024577,-1.5294319," ""Chicago"""," ""IL"""," ""USA""", Chicago-MongoDB-User-Group,772," ""2010-10-22T09:34:34-04:00[US/Eastern]"""," ""2016-03-10T18:30:00-05:00[US/Eastern]""",19," ""Open Source. Software Development. Technology. User Group. NoSQL. MongoDB"""
1742411," ""Washington DC MongoDB Users Group"""," ""<p>A group devoted to the use and development of MongoDB. and the sweet things it enables. for people in the DC/Metro area.</p>""",0.6792821,-1.3446016," ""Washington"""," ""DC"""," ""USA""", Washington-DC-MongoDB-Users-Group,1286," ""2010-11-24T12:36:28-05:00[US/Eastern]"""," ""2016-08-01T18:00:00-04:00[US/Eastern]""",68," ""Software Development. Big Data. High Scalability Computing. Data Analytics. MongoDB"""
1775736," ""London MongoDB User Group"""," ""<p><span>This group is a place for developers to learn more about the non-relational. open source. document-oriented database</span> <span>MongoDB</span>. <span>MongoDB</span> <span>is the leading NoSQL database and many of the key committers often travel to London. So if you are facing challenges with MySQL or Postgres or Oracle and want to explore a more flexible. scalable alternative. please join us at one of our monthly sessions.</span></p>""",0.8986701,-0.002268928," ""London""", ," ""United Kingdom""", London-MongoDB-User-Group,1532," ""2011-01-31T06:07:09-05:00[US/Eastern]"""," ""2016-09-08T13:30:00-04:00[US/Eastern]""",117," ""Web Technology. Computer programming. NoSQL. MongoDB"""
1804764," ""Atlanta MongoDB User Group"""," ""<p>This group is a place for developers to learn more about MongoDB. an open source. document-oriented. nosql database. If you are facing challenges with MySQL or Postgres or Oracle and want to explore a more flexible. scalable alternative. please join us at one of our monthly sessions.</p>""",0.5890486,-1.4728833," ""Atlanta"""," ""GA"""," ""USA""", Atlanta-MongoDB-User-Group,672," ""2011-03-26T00:21:13-04:00[US/Eastern]"""," ""2016-10-06T19:00:00-04:00[US/Eastern]""",44," ""PHP. Open Source. Ruby. Python. New Technology. Computer programming. MongoDB"""
1807918," ""Toronto MongoDB User Group"""," ""<p>This group is a place for developers. system administrators and the curious to learn more about the non-relational. open source. document-oriented database MongoDB. We typically meet on the second Wednesday of each month.</p>""",0.76183623,-1.3856169," ""Toronto"""," ""ON"""," ""Canada""", Toronto-MongoDB-User-Group,710," ""2011-03-31T19:21:36-04:00[US/Eastern]"""," ""2016-10-21T21:00:00-04:00[US/Eastern]""",36," ""PHP. Open Source. Python. Computer programming. NoSQL. MongoDB"""
1812878," ""Seattle MongoDB Users Group"""," ""<p>Seattle MongoDB User Group</p> <p><span>This group is a place for developers to learn more about MongoDB. an open source. document-oriented. nosql database. If you are facing challenges with MySQL. Postgres. Oracle or other and want to explore a more flexible. scalable alternative. please join us at one of our monthly sessions.</span></p>""",0.8309513,-2.1345377," ""Seattle"""," ""WA"""," ""USA""", seattlemug,409," ""2011-04-10T14:00:15-04:00[US/Eastern]"""," ""2016-10-20T21:00:00-04:00[US/Eastern]""",25," ""MongoDB. Using MongoDB in the cloud"""
1813253," ""Melbourne MongoDB User group"""," ""<p>This is a group for developers and system administrators to discuss and learn about MongoDB. An open source document database.</p> <p>You don't have to have to be using MongoDB in production to join our group.</p>""",-0.659909,2.5300293," ""Melbourne""", ," ""Australia""", MelbourneMUG,402," ""2011-04-11T07:00:06-04:00[US/Eastern]"""," ""2015-07-29T22:30:00-04:00[US/Eastern]""",14," ""Open Source. Web Technology. Web Development. NoSQL. MongoDB. document databases"""
1817161," ""Swiss MongoDB User Group"""," ""<p>meet. discuss and exchange stuff about NoSQL and MongoDB</p>""",0.826937,0.14905111," ""ZÌ_rich""", ," ""Switzerland""", Swiss-MongoDB-User-Group,199," ""2011-04-18T17:56:58-04:00[US/Eastern]"""," ""2014-05-28T13:00:00-04:00[US/Eastern]""",5," ""Java. Software Development. NoSQL. MongoDB"""
1818114," ""Los Angeles MongoDB User Group"""," ""<p>We are a group dedicated to increasing knowledge and awareness about MongoDB. an Open Source. document-oriented. NoSQL database. Please join us for our monthly meetings to explore this flexible and scalable alternative to traditional relational databases like MySQL. Postgres. SQL Server and Oracle.</p>""",0.59358644,-2.0676916," ""Santa Monica"""," ""CA"""," ""USA""", Los-Angeles-MongoDB-User-Group,767," ""2011-04-20T13:46:34-04:00[US/Eastern]"""," ""2016-10-06T21:00:00-04:00[US/Eastern]""",83," ""Open Source. High Scalability Computing. NoSQL. MongoDB. Using MongoDB in the cloud"""
2061471," ""Finland MongoDB User Group"""," ""<p>This group is a place for developers to learn more about MongoDB. an open source. document-oriented. nosql database. If you are facing challenges with MySQL or Postgres or Oracle and want to explore a more flexible. scalable alternative. please join us at one of our monthly sessions.</p>""",1.0501646,0.43528512," ""Helsinki""", ," ""Finland""", Finland-MongoDB-User-Group,314," ""2011-06-22T11:01:56-04:00[US/Eastern]"""," ""2016-10-21T14:00:00-04:00[US/Eastern]""",28," ""Open Source. Ruby. Python. New Technology. Computer programming. NoSQL. MongoDB"""
2124131," ""Paris MongoDB User Group"""," ""<p>This group is a place for developers to learn more about MongoDB. an open source. document-oriented. nosql database. If you are facing challenges with MySQL or Postgres or Oracle and want to explore a more flexible. scalable alternative. please join us at one of our monthly sessions.</p>""",0.8527679,0.040840704," ""Paris""", ," ""France""", Paris-MongoDB-User-Group,1684," ""2011-07-05T11:38:16-04:00[US/Eastern]"""," ""2016-09-22T13:00:00-04:00[US/Eastern]""",33," ""PHP. Open Source. Ruby. Python. Computer programming. NoSQL. MongoDB"""
2175111," ""Boston MongoDB User Group"""," ""<p>This group is a place for developers to learn more about the non-relational. open source. document-oriented database MongoDB (<a href='http://www.mongodb.org/' class='linkified'>http://www.mongodb.org/</a>). We meet once a month to talk about what's new in MongoDB and related technologies.</p>""",0.7391469,-1.2402309," ""Boston"""," ""MA"""," ""USA""", Boston-MongoDB-User-Group,975," ""2011-07-14T16:59:15-04:00[US/Eastern]"""," ""2016-09-29T18:00:00-04:00[US/Eastern]""",37," ""Database Professionals. Database Development. NoSQL. MongoDB"""
2515642," ""SÌ£o Paulo MongoDB User Group"""," ""<p>O objetivo desse grupo Ì© reunir usuÌÁrios. desenvolvedores. interessados e curiosos para discutir implementaÌ_Ìµes. tÌ©cnicas. receitas de bolo e <em>cases</em> de MongoDB.åÊ</p><p>Se vocÌ» utiliza. pensa em utilizar ou apenas tem curiosidade sobre MongoDB (e NoSQL em geral). junte-se ao Meetup.</p><p>Sobre o MongoDB:</p> <p><strong>MongoDB</strong>åÊ(do 'hu<em>mongo</em>us') Ì© uma aplicaÌ_Ì£o de cÌ_digo aberto. de alta performance. sem esquemas. orientado ÌÊ documentos. Foi escrito na linguagem de programaÌ_Ì£o C++.åÊO banco de dados orientado ÌÊ documentos. sendo formado por um conjunto de documentos JSON. Muitas aplicaÌ_Ìµes podem. dessa forma. modelar informaÌ_Ìµes de um modo muito mais natural. pois os dados podem ser aninhadosåÊem complexas hierarquias e continuar a ser indexÌÁveisåÊe fÌÁceis de buscar.</p><p>O desenvolvimento do MongoDB comeÌ_ou em outubro de 2007 pela 10gen. A primeira versÌ£o pÌ_blica foi lanÌ_ada em fevereiro de 2009. (fonte: Wikipedia)</p>""",-0.41067597,-0.81384706," ""SÌ£o Paulo""", ," ""Brazil""", SP-MongoDB,1027," ""2011-09-20T15:04:01-04:00[US/Eastern]"""," ""2016-10-21T19:00:00-04:00[US/Eastern]""",14," ""Open Source. Data Management. Big Data. High Scalability Computing. MapReduce. Data Analytics. NoSQL. MongoDB"""
2600762," ""Triangle MongoDB User Group"""," ""<p>This group is a place for developers to learn more about the non-relational. open source. document-oriented database MongoDB. MongoDB is the leading NoSQL database and many of the key committers are based right here in New York City. So if you are facing challenges with MySQL or Postgres or Oracle and want to explore a more flexible. scalable alternative. please join us at one of our monthly sessions. We typically meet on the second or third Tuesday of the month. have some pizza and network. and enjoy a presentation on Mongo.</p> <p>åÊ</p>""",0.62831855,-1.3770648," ""Durham"""," ""NC"""," ""USA""", MongoRaleigh,392," ""2011-10-06T07:35:37-04:00[US/Eastern]"""," ""2016-05-05T17:00:00-04:00[US/Eastern]""",18," ""Database Professionals. Software Development. Web Technology. Data Management. Web Development. Big Data. Database Development. High Scalability Computing. MapReduce. NoSQL. MongoDB"""
2881962," ""Saint Louis MongoDB User Group"""," ""<p>For users of the non-relational. open source. document-oriented database MongoDB.</p>""",0.67404616,-1.5786502," ""Saint Louis"""," ""MO"""," ""USA""", Saint-Louis-MongoDB-User-Group,254," ""2011-11-29T18:28:20-05:00[US/Eastern]"""," ""2015-05-14T18:30:00-04:00[US/Eastern]""",9," ""Software Development. Data Management. Technology. Database Development. High Scalability Computing. Computer programming. NoSQL. MongoDB"""
2985152," ""Israel MongoDB User Group"""," ""<p>This group is a place for developers to learn more about MongoDB. an open source. document-oriented. nosql database. If you are facing challenges with MySQL or Postgres or Oracle and want to explore a more flexible. scalable alternative. please join us at one of our sessions.</p>""",0.5597271,0.606851," ""Tel Aviv-Yafo""", ," ""Israel""", mongo-il,1305," ""2011-12-23T11:19:48-05:00[US/Eastern]"""," ""2016-09-21T11:00:00-04:00[US/Eastern]""",22," ""Open Source. New Technology. Web Technology. Database Development. NoSQL. MongoDB"""
3062062," ""Huntsville MongoDB User Group"""," ""<p>This group is for developers who want to learn more about the open source nosql database MongoDB.</p>""",0.60423297,-1.5105826," ""Huntsville"""," ""AL"""," ""USA""", Huntsville-MongoDB-User-Group,39," ""2012-01-07T10:45:17-05:00[US/Eastern]"""," ""2013-03-27T13:00:00-04:00[US/Eastern]""",7," ""Open Source. Web Development. JSON. NoSQL. MongoDB"""
3067092," ""Philadelphia MongoDB User Group (PhillyMUG)"""," ""<p>This group is a place for developers to learn more about the non-relational. open source. document-oriented database MongoDB. We started this group to grow a more robust community of MongoDB Developers in Philadelphia and provide a place to share knowledge and experience on working with the database in different languages. frameworks and applications. So if you are facing challenges with MySQL or Postgres or Oracle and want to explore a more flexible. scalable alternative. please join us at one of our monthly sessions.</p>""",0.6970845,-1.3130113," ""Philadelphia"""," ""PA"""," ""USA""", Philadelphia-MongoDB-User-Group,298," ""2012-01-08T10:33:30-05:00[US/Eastern]"""," ""2016-09-13T18:30:00-04:00[US/Eastern]""",9," ""Java. PHP. Open Source. Ruby. Python. JavaScript. New Technology. Big Data. Amazon Web Services. Ruby On Rails. Functional Programming. High Scalability Computing. JSON. NoSQL. MongoDB"""
3249232," ""Delhi MongoDB User Group"""," ""<p>The Delhi MongoDB User Group is a place where you get to meet like minded technologists and talk about code. architecture. innovation. opportunities. and share ideas about real-world problems that MongoDB solves or has potential to solve.</p> <p>The meetups in the past have been attended by users. enthusiasts. startup entrepreneurs. technologists. hackers and enthusiasts vying to learn about MongoDB.</p>""",0.5003859,1.3475688," ""Delhi""", ," ""India""", mongo-dilli,1993," ""2012-02-07T10:52:43-05:00[US/Eastern]"""," ""2016-04-20T11:30:00-04:00[US/Eastern]""",24," ""Java. PHP. Open Source. Ruby. Python. Software Development. JavaScript. Internet Professionals. Technology. Cloud Computing. Mobile Technology. High Scalability Computing. Computer programming. NoSQL. MongoDB"""
3294042," ""Thames Valley MongoDB User Group"""," ""<p>This group is a place for developers in the Thames Valley to learn more about the non-relational. open source. document-oriented database MongoDB. So if you are facing challenges with MySQL or Postgres or Oracle and want to explore a more flexible. scalable alternative. please join us at one of our monthly sessions.</p>""",0.8981464,-0.016929694," ""Reading""", ," ""United Kingdom""", Thames-Valley-MongoDB-User-Group,126," ""2012-02-14T13:40:24-05:00[US/Eastern]"""," ""2016-05-07T10:00:00-04:00[US/Eastern]""",14," ""Open Source. New Technology. Internet Professionals. Web Technology. Technology. Cloud Computing. Big Data. Computer programming. NoSQL. MongoDB"""
3347772," ""Phoenix MongoDB User Group"""," ""<p>This group is a place for developers to learn more about the non-relational. open source. document-oriented database MongoDB. MongoDB is the leading NoSQL database and many organizations are adopting this technology right here in Phoenix. So if you are facing challenges with MySQL or Postgres or Oracle and want to explore a more flexible. scalable alternative. please join us at one of our sessions.</p>""",0.5831145,-1.9552923," ""Phoenix"""," ""AZ"""," ""USA""", Phoenix-MongoDB-User-Group,550," ""2012-02-22T21:29:47-05:00[US/Eastern]"""," ""2016-10-20T22:00:00-04:00[US/Eastern]""",31," ""Open Source. Software Development. New Technology. Web Development. Computer programming. NoSQL. MongoDB"""
3385252," ""Silicon Valley MongoDB User Group"""," ""<p>This is a group for those interested in learning how to develop and operate MongoDB at scale. Come to one of our monthly meetups to learn about MongoDB. network with other technologists like you and meet MongoDB engineers.</p>""",0.6597344,-2.1364577," ""San Francisco"""," ""CA"""," ""USA""", Silicon-Valley-MongoDB-User-Group,1443," ""2012-02-28T18:54:32-05:00[US/Eastern]"""," ""2016-10-04T20:30:00-04:00[US/Eastern]""",106," ""PHP. Python. JavaScript. Web Development. Big Data. NoSQL. MongoDB"""
3434322," ""Denver MongoDB User Group"""," ""<p><span>MongoDB (from 'hu</span><strong>mongo</strong><span>us') is a scalable. high-performance.</span> <a href='http://www.mongodb.org/display/DOCS/Source+Code'>open source</a> <span>NoSQL database. dMug is a scalable. high-performance. open meetup group for people interested in learning about. and sharing knowledge of MongoDB. Everyone from novice to expert is welcome to listen to presentations. join in handson hackathons &amp; enjoy some good geeky company.</span></p>""",0.6937684,-1.8324212," ""Denver"""," ""CO"""," ""USA""", boulder-denver-mongo,539," ""2012-03-07T14:37:31-05:00[US/Eastern]"""," ""2016-08-30T20:30:00-04:00[US/Eastern]""",36," ""Software Development. Web Technology. Technology. Entrepreneurship. MongoDB"""
3463812," ""Barcelona MongoDB User Group"""," ""<p>Welcome to the Barcelona MongoDB User Group!åÊ Once we were the sole forum for MongoDB users in Spain. and contained all meetings happening across the country for MongoDB. However. we are very pleased to now be one of several Spanish MongoDB User Groups -- including our friends in Madrid and <a href='http://www.meetup.com/Mallorca-MongoDB-User-Group/'>Mallorca</a>!</p> <p>You are welcome to join this group. even if you are not based in Barcelona -- however. if you are closer geographically to one of our other groups they might be more relevant for you.</p> <p>The purpose of the group is for users and people interested in using MongoDB to be able to meet up with like-minded people. Anything around MongoDB goes. even including using MongoDB other NoSQL solutions. Usually the meeting will have at least one presentation.</p>""",0.72256637,0.037873644," ""Barcelona""", ," ""Spain""", mongodb-spain,701," ""2012-03-12T12:07:38-04:00[US/Eastern]"""," ""2015-12-15T13:00:00-05:00[US/Eastern]""",22," ""Java. PHP. Perl. Python. Database Professionals. Software Development. JavaScript. Technology. Big Data. Database Development. NoSQL. nodeJS. MongoDB. Data"""
3478392," ""Dublin MongoDB User Group"""," ""<p>This group is a place for developers in Dublin to learn more about the dynamic schema. open source. document database MongoDB. So if you are facing challenges with MySQL. Postgres or Oracle and want to explore a more flexible. scalable alternative. please join us at one of our monthly sessions.</p>""",0.9307841,-0.10908308," ""Dublin""", ," ""Ireland""", DublinMUG,807," ""2012-03-14T13:40:26-04:00[US/Eastern]"""," ""2016-09-15T13:00:00-04:00[US/Eastern]""",28," ""Open Source. Software Development. New Technology. Technology. Cloud Computing. Big Data. Computer programming. NoSQL. MongoDB"""
3484852," ""Bangalore MongoDB User Group"""," ""<p>This group is a place for developers to learn more about MongoDB. an open source. document-oriented. nosql database. If you are facing challenges with MySQL or Postgres or Oracle and want to explore a more flexible. scalable alternative. please join us at one of our monthly sessions. We typically meet on the 1st or 2nd Sunday of the month. have some pizza and network. and enjoy a presentation on Mongo.</p>""",0.2263692,1.3536773," ""Bangalore""", ," ""India""", Bangalore-MongoDB-User-Group,2278," ""2012-03-15T13:46:39-04:00[US/Eastern]"""," ""2016-10-21T11:30:00-04:00[US/Eastern]""",33," ""Open Source. Database Professionals. New Technology. Web Technology. Web Development. Big Data. Bangalore. Computer programming. NoSQL. MongoDB"""
3509512," ""MongoDB San Diego Meetup"""," ""<p>This group is a place for developers to learn more about MongoDB. an open source. document-oriented. nosql database. If you are facing challenges with MySQL or Postgres or Oracle and want to explore a more flexible. scalable alternative. please join us at one of our monthly sessions. We typically meet on once per month and enjoy a presentation on MongoDB.</p>""",0.5740388,-2.0455258," ""San Diego"""," ""CA"""," ""USA""", MongoDB-San-Diego-Meetup,289," ""2012-03-19T20:16:13-04:00[US/Eastern]"""," ""2016-09-15T21:00:00-04:00[US/Eastern]""",11," ""Open Source. Software Development. New Technology. Technology. Web Development. Hadoop. Big Data. Database Development. NoSQL. MongoDB"""
3623302," ""Lyon MongoDB User Group"""," ""<p style='text-align : justify'><br>  <span>This group is a place for developers in Lyon to learn more about the dynamic schema. open source. document database MongoDB. So if you are facing challenges with MySQL. Postgres or Oracle and want to explore a more flexible. scalable alternative. please join us at one of our monthly sessions.</span></p>""",0.79866266,0.0842994," ""Lyon""", ," ""France""", Lyon-MongoDB-User-Group,120," ""2012-04-07T10:16:55-04:00[US/Eastern]"""," ""2014-01-23T04:00:00-05:00[US/Eastern]""",7," ""Linux. Java. PHP. Open Source. Ruby. JavaScript. Cloud Computing. Hadoop. Big Data. MapReduce. NoSQL. MongoDB. Sophia Antipolis"""
3957812," ""Sydney MongoDB User Group"""," ""<p>This group is for anyone interested in learning more about MongoDB - a non-relational. open source. document-oriented database. We started this group to grow a more robust community of MongoDB developers in the Sydney area and provide a place to share knowledge and experience working with the database in different languages. frameworks. and applications. We welcome users from all tech backgrounds to join. learn. and share.</p>""",-0.591143,2.6391125," ""Sydney""", ," ""Australia""", SydneyMUG,1316," ""2012-05-28T19:44:13-04:00[US/Eastern]"""," ""2016-09-27T04:00:00-04:00[US/Eastern]""",59," ""Web Standards. Open Source. Web Design. Software Development. New Technology. Internet Professionals. Web Technology. Technology. Web Development. Big Data. High Scalability Computing. Computer programming. NoSQL. MongoDB"""
4269452," ""Caracas MongoDB User Group"""," ""<p>This group is a place for anyone to learn more about the non-relational. open source. document-oriented database MongoDB. We started this group to grow a more robust community of MongoDB Developers in Caracas and provide a place to share knowledge and experience on working with the database in different languages. frameworks and applications. If you are facing challenges with MySQL or Postgres or Oracle and want to explore a more flexible. scalable alternative. please join us at one of our sessions.</p>""",0.1839577,-1.1681489," ""Caracas""", ," ""Venezuela""", Caracas-MongoDB-User-Group,137," ""2012-07-09T17:36:15-04:00[US/Eastern]""", ,0," ""Java. Open Source. New Technology. Internet Professionals. Data Management. Web Development. Mobile Technology. Big Data. MapReduce. Data Analytics. Data Visualization. Computer programming. Data Mining. NoSQL. MongoDB"""
4352762," ""Islamabad MongoDB User Group"""," ""<p>This group is a place for developers to learn more about MongoDB</p>""",0.58852506,1.2751375," ""Islamabad""", ," ""Pakistan""", Islamabad-MongoDB-User-Group,598," ""2012-07-20T10:22:32-04:00[US/Eastern]"""," ""2012-10-24T15:00:00-04:00[US/Eastern]""",2," ""Java. Web Standards. JavaScript. NoSQL. MongoDB"""
4428172," ""Charlotte MongoDB User Group"""," ""<p>This group is a place for developers to learn more about the non-relational. open source. document-oriented database MongoDB. MongoDB is the leading NoSQL database and many of the key committers are based right here in New York City. So if you are facing challenges with MySQL or Postgres or Oracle and want to explore a more flexible. scalable alternative. please join us at one of our monthly sessions.</p>""",0.61662483,-1.4095279," ""Charlotte"""," ""NC"""," ""USA""", Charlotte-MongoDB-User-Group,202," ""2012-07-30T14:54:01-04:00[US/Eastern]"""," ""2016-03-16T18:00:00-04:00[US/Eastern]""",42," ""Open Source. Ruby. Database Professionals. Software Development. Cloud Computing. Hadoop. Big Data. Computer programming. NoSQL. MongoDB"""
4435482," ""Cincinnati MongoDB User Group"""," ""<p>This group is a place for developers to learn more about the non-relational. open source. document-oriented database MongoDB. MongoDB is the leading NoSQL database and many of the key committers are based in New York City. They are sponsoring our new group in Cincinnati. So if you are facing challenges with MySQL or Postgres or Oracle and want to explore a more flexible. scalable alternative. please join us at one of our monthly sessions.</p>""",0.6825983,-1.4748032," ""Cincinnati"""," ""OH"""," ""USA""", Cincinnati-MongoDB-User-Group,122," ""2012-07-31T10:33:14-04:00[US/Eastern]"""," ""2014-08-05T18:00:00-04:00[US/Eastern]""",12," ""Java. Open Source. Database Professionals. Software Development. New Technology. Web Technology. Technology. Web Development. Hadoop. Database Development. MapReduce. Computer programming. NoSQL. MongoDB"""
4491732," ""Baltimore MongoDB Users Group"""," ""<p>This group is a place for developers to learn more about the non-relational. open source. document-oriented database MongoDB. MongoDB is the leading NoSQL database and many people are interested in learning more about it. So if you are facing challenges with MySQL or Postgres or Oracle and want to explore a more flexible. scalable. and fun alternative. please join us at one of our monthly sessions.</p>""",0.68277276,-1.3402383," ""Annapolis Junction"""," ""MD"""," ""USA""", Baltimore-MongoDB-Users-Group,373," ""2012-08-07T14:20:37-04:00[US/Eastern]"""," ""2016-03-22T17:30:00-04:00[US/Eastern]""",32," ""Linux. Open Source. JavaScript. Web Development. Computer programming. NoSQL. MongoDB"""
4549702," ""Orange County MongoDB User Group"""," ""<p>This is a meetup group for those interested in learning more about MongoDB.</p>""",0.5883505,-2.0544271," ""Irvine"""," ""CA"""," ""USA""", Orange-County-MongoDB-User-Group,664," ""2012-08-14T18:04:06-04:00[US/Eastern]"""," ""2016-10-19T21:00:00-04:00[US/Eastern]""",32," ""Linux. Java. Open Source. JavaScript. Web Technology. Cloud Computing. Big Data. MapReduce. Machine Learning. NoSQL. Technology Startups. MongoDB"""
4612922," ""Santiago MongoDB User Group"""," """"",-0.5839872,-1.2329006," ""Santiago""", ," ""Chile""", Santiago-MongoDB-User-Group,145," ""2012-08-22T09:05:04-04:00[US/Eastern]"""," ""2013-10-04T18:30:00-04:00[US/Eastern]""",3," ""Open Source. Hadoop. Data Analytics. NoSQL. MongoDB"""
4693272," ""Lisbon MongoDB User Group"""," ""<p><span>The Lisbon MongoDB User Group&nbsp;is a place for developers and DB admins to learn more about the non-relational. open source. document-oriented database</span> <span><a href='http://www.mongodb.org'>MongoDB</a></span><span>.</span></p> <p><span>MongoDB</span> <span>is the leading NoSQL database and many of the key committers often travel to Europe. So if you are facing challenges with MySQL. Postgres or Oracle. and would like to explore a more flexible. scalable alternative. please join us at one of our friendly. periodical sessions in Lisbon.</span></p>""",0.6757915,-0.1595231," ""Lisbon""", ," ""Portugal""", Lisbon-MongoDB-User-Group,292," ""2012-08-30T05:05:46-04:00[US/Eastern]"""," ""2015-03-19T15:00:00-04:00[US/Eastern]""",10," ""PHP. Open Source. Ruby. Python. Database Professionals. Software Development. New Technology. Internet Professionals. Web Technology. Technology. Big Data. Database Development. Computer programming. NoSQL. MongoDB"""
5223562," ""Mexico City MongoDB User Group"""," ""<p>This group is a place for developers to learn more about the non-relational. open source. document-oriented database MongoDB. MongoDB is the leading NoSQL database. If you are facing challenges with MySQL or Postgres or Oracle and want to explore a more flexible. scalable alternative. please join us at one of our sessions.</p>""",0.33911747,-1.7303194," ""MÌ©xico City""", ," ""Mexico""", Mexico-City-MongoDB-User-Group,415," ""2012-10-03T11:15:02-04:00[US/Eastern]"""," ""2015-04-18T11:00:00-04:00[US/Eastern]""",6," ""Java. Open Source. Ruby. Python. JavaScript. New Technology. Web Technology. Cloud Computing. Hadoop. Computer programming. NoSQL. HTML5. nodeJS. MongoDB"""
5315592," ""mugh - MongoDB User Group in Hamburg"""," ""<p>if you think that object oriented programming is too far from SQL. if you don't like anymore to solve a problem thinking on it one step at a time. and it's more natural to map it to different clouds. and reduce 'em by using Javascript on the server side. then. let's talk about it...On october 22 10gen. will start for free an online course about mongo. they will release one video every week. We'd like to meet one wednesday every 2 weeks and discuss about the lessons. eat some pizza(offered by 10gen). In december. participants will receive a certificate from 10gen. on January. the official Mongo User Group in Hamburg will start.</p>""",0.9346238,0.17453292," ""Hamburg""", ," ""Germany""", mugh-MongoDB-User-Group-in-Hamburg,290," ""2012-10-09T14:34:19-04:00[US/Eastern]"""," ""2016-03-08T02:30:00-05:00[US/Eastern]""",34," ""New Technology. Web Technology. User Group. Big Data. MapReduce. NoSQL. MongoDB"""
5448232," ""Nepal MongoDB User Group"""," ""<p>This is the home of the Nepal MongoDB User Group. MongoDB is a high-performance. schema-free. document-oriented database. This group is for people interested in exploring MongoDB and learning more about using the database in production.</p>""",0.48363072,1.4889404," ""Kathmandu""", ," ""Nepal""", Nepal-MongoDB-User-Group,184," ""2012-10-18T07:20:33-04:00[US/Eastern]""", ,0," ""Java. PHP. Open Source. Ruby. Python. JavaScript. New Technology. Internet Professionals. Web Technology. Technology. Cloud Computing. Ruby On Rails. Mobile Development. Computer programming. HTML5"""
6123782," ""ThessalonÌ_ki MongoDB User Group"""," ""<p>The Thessaloniki MongoDB User Group is a place for developers to learn more about MongoDB. an open source. document-oriented. nosql database. If you are facing challenges with MySQL or Postgres or Oracle and want to explore a more flexible. scalable alternative. please join us at one of our sessions.</p>""",0.70930177,0.40037853," ""ThessalonÌ_ki""", ," ""Greece""", Thessaloniki-MongoDB,86," ""2012-12-05T06:29:53-05:00[US/Eastern]"""," ""2013-04-10T11:30:00-04:00[US/Eastern]""",2," ""Database Professionals. Software Development. Social Networking. New Technology. Web Development. Professional Networking. Business Strategy. Database Development. NoSQL. MongoDB"""
6186172," ""Spokane MongoDB User Group"""," ""<p>This group is a place for developers to learn more about the non-relational. open source. document-oriented database MongoDB.</p>""",0.8319984,-2.04954," ""Spokane"""," ""WA"""," ""USA""", Spokane-MongoDB-User-Group,30," ""2012-12-10T10:52:46-05:00[US/Eastern]"""," ""2014-07-09T22:00:00-04:00[US/Eastern]""",6," ""Linux. Open Source. MySQL. Software Development. Cloud Computing. Scala. Hadoop. Big Data. Database Development. High Scalability Computing. MapReduce. PaaS (Platform as a Service). Computer programming. High Performance Computing. MongoDB. Using MongoDB in the cloud"""
6365752," ""Madrid MongoDB User Group"""," ""<p>This group is a place for developers in and around Madrid to learn more about the non-relational. open source. document-oriented database MongoDB. MongoDB is the leading NoSQL database and many of the key committers are based right here in Europe. So if you are facing challenges with MySQL or Postgres or Oracle and want to explore a more flexible. scalable alternative. please join us at one of our sessions.</p>""",0.70546204,-0.064751714," ""Madrid""", ," ""Spain""", Madrid-MongoDB-User-Group,1699," ""2012-12-27T09:32:37-05:00[US/Eastern]"""," ""2016-09-17T05:00:00-04:00[US/Eastern]""",18," ""PHP. Open Source. Ruby. Python. Database Professionals. JavaScript. Big Data. Database Development. Computer programming. NoSQL. MongoDB"""
6377822," ""Austin MongoDB User Group"""," ""<p>This is a group for those interested in learning more about MongoDB - the high performance. flexible schema. document-oriented database. We'll be doing a deep dive into MongoDB each month. If you're interested in sharing your experience. or have specific topics you'd like covered. let us know!</p>""",0.52866024,-1.7062339," ""Austin"""," ""TX"""," ""USA""", Austin-MongoDB-User-Group,660," ""2012-12-28T11:09:43-05:00[US/Eastern]"""," ""2016-08-04T19:00:00-04:00[US/Eastern]""",27," ""Open Source. Python. Hadoop. Big Data. Database Development. PaaS (Platform as a Service). NoSQL. nodeJS. MongoDB"""
6722802," ""Norway MongoDB User Group"""," ""<p>This group is a place for developers to learn more about the non-relational. open source. document-oriented database MongoDB. MongoDB is the leading NoSQL database and many of the key committers often travel to Scandinavia. So if you are facing challenges with MySQL or Postgres or Oracle and want to explore a more flexible. scalable alternative. please join us at one of our user group meetings.</p>""",1.0456268,0.18762289," ""Oslo""", ," ""Norway""", Norway-MongoDB-User-Group,131," ""2013-01-18T11:36:17-05:00[US/Eastern]"""," ""2014-06-10T13:00:00-04:00[US/Eastern]""",5," ""Open Source. Database Professionals. Big Data. Database Development. NoSQL. MongoDB"""
6949282," ""Portland MongoDB User Group"""," ""<p>This is a place for developer and devops professionals to learn more about the open source. high-performance. NoSQL database. MongoDB.</p>""",0.7946484,-2.14117," ""Portland"""," ""OR"""," ""USA""", Portland-MongoDB-User-Group,172," ""2013-01-30T20:11:06-05:00[US/Eastern]"""," ""2016-06-28T10:00:00-04:00[US/Eastern]""",10," ""Linux. Open Source. Ruby. Software Development. JavaScript. Django. Ruby On Rails. Database Development. High Scalability Computing. MapReduce. PaaS (Platform as a Service). MongoDB. Using MongoDB in the cloud. Backbone.js. Python Web Development"""
7346582," ""Pittsburgh MongoDB User Group"""," ""<p>This is a group for people looking to learn more about the open source. NoSQL database. MongoDB. This is a community to grow your knowledge base and network with others.</p>""",0.70633477,-1.3948671," ""Pittsburgh"""," ""PA"""," ""USA""", Pittsburgh-MongoDB-User-Group,168," ""2013-02-25T16:41:03-05:00[US/Eastern]"""," ""2016-06-28T09:00:00-04:00[US/Eastern]""",9," ""Open Source. JavaScript. Hadoop. Big Data. Database Development. High Scalability Computing. MapReduce. JSON. NoSQL. nodeJS. MongoDB. Using MongoDB in the cloud"""
7409452," ""Montreal MongoDB User Group"""," ""<p>This is a group for those interested in learning more about the Open Source database MongoDB. All levels of experience are welcome. So whether you've been playing with MongoDB for a few months. or have built and scaled a robust MongoDB powered website. this group is for you. We will plan to meet once a month and will focus on presentations. hackathons and study sessions. We'd love to hear what you'd like to see out of the group and how you can help contribute to this growing community.</p>""",0.7942993,-1.2840388," ""MontrÌ©al"""," ""QC"""," ""Canada""", Montreal-MUG,208," ""2013-03-01T11:00:50-05:00[US/Eastern]"""," ""2015-06-01T08:00:00-04:00[US/Eastern]""",3," ""Java. Open Source. Python. JavaScript. Hadoop. Database Development. JSON. Java Virtual Machine. NoSQL. nodeJS. MongoDB. Using MongoDB in the cloud. Java Server Side"""
7588252," ""Geneva MongoDB User Group"""," ""<p>This group is a place for developers to learn more about MongoDB: the open-source. document-oriented technology that is reshaping the market due to the popularity of its agile and scalable approach among developers and IT professionals. MongoDB is the leading NoSQL database. and many of the key committers often travel to Europe. So if you are facing challenges with MySQL or Postgres or Oracle and want to explore a more flexible. scalable alternative. please join us at one of our friendly meetings.</p>""",0.80651665,0.10716321," ""GenÌ¬ve""", ," ""Switzerland""", Geneva-MongoDB-User-Group,166," ""2013-03-12T15:40:10-04:00[US/Eastern]"""," ""2015-02-17T12:30:00-05:00[US/Eastern]""",13," ""Open Source. Cloud Computing. Hadoop. Big Data. Database Development. High Scalability Computing. MapReduce. Data Analytics. PaaS (Platform as a Service). JSON. NoSQL. High Performance Computing. MongoDB"""
7708972," ""MongoDB Dominican Republic"""," ""<p>This group is a place for developers to learn more about the non-relational. open source. document-oriented database MongoDB.</p>""",0.32253683,-1.2201598," ""Santo Domingo""", ," ""Dominican Republic""", Santo-Domingo-MongoDB-User-Group,221," ""2013-03-20T14:43:42-04:00[US/Eastern]"""," ""2016-06-14T19:00:00-04:00[US/Eastern]""",19," ""Open Source. JavaScript. Cloud Computing. Hadoop. Database Development. SaaS (Software as a Service). JSON. NoSQL. nodeJS. MongoDB. Using MongoDB in the cloud"""
7793292," ""Frankfurt Rhein-Main MongoDB User Group"""," ""<p>This group is a place for developers to learn more about the open source. document database MongoDB. MongoDB is the open-source. document-oriented technology that is reshaping the market due to the popularity of its agile and scalable approach among developers and IT professionals. So if you are facing challenges with MySQL. Postgres or Oracle and want to explore a more flexible. scalable alternative. please join us at one of our monthly sessions.</p>""",0.874759,0.15149458," ""Frankfurt""", ," ""Germany""", Frankfurt-Rhine-Main-MongoDB-User-Group,66," ""2013-03-26T12:49:18-04:00[US/Eastern]"""," ""2016-03-08T02:30:00-05:00[US/Eastern]""",3," ""Open Source. JavaScript. Cloud Computing. Big Data. JSON. Computer programming. NoSQL. MongoDB"""
7808952," ""Manchester MongoDB User Group"""," ""<p>We're a community lead user group in the heard of Manchester. helping. aiding and teaching the leading NoSQL Database. MongoDB!</p>""",0.93357664,-0.039095376," ""Manchester""", ," ""United Kingdom""", Manchester-MongoDB-User-Group,123," ""2013-03-27T14:24:52-04:00[US/Eastern]"""," ""2016-05-21T10:30:00-04:00[US/Eastern]""",3," ""Open Source. Cloud Computing. Hadoop. Big Data. Database Development. MapReduce. Data Analytics. Data Visualization. JSON. NoSQL. nodeJS. MongoDB. Using MongoDB in the cloud"""
8313322," ""Krasnodar MongoDB User Group"""," ""<p>This group is a place for developers to learn more about the non-relational. open source. document-oriented database MongoDB. MongoDB is the leading NoSQL database. If you are facing challenges with MySQL or Postgres or Oracle and want to explore a more flexible. scalable alternative. please join us at one of our monthly sessions.</p>""",0.78609633,0.6799803," ""Krasnodar""", ," ""Russia""", Krasnodar-MongoDB-User-Group,44," ""2013-05-02T02:58:45-04:00[US/Eastern]"""," ""2013-10-10T11:00:00-04:00[US/Eastern]""",4," ""PHP. Open Source. Web Design. Ruby. Python. Software Development. New Technology. Web Development. Computer programming. NoSQL. HTML5. MongoDB"""
8470262," ""Coimbra MongoDB User Group"""," ""<p>O objetivo desse grupo Ì© reunir usuÌÁrios. desenvolvedores. interessados e curiosos para discutir implementaÌ_Ìµes. tÌ©cnicas. receitas de bolo eåÊ<em>cases</em> de MongoDB.</p> <p>Se vocÌ» utiliza. pensa em utilizar ou apenas tem curiosidade sobre MongoDB (e NoSQL em geral). junte-se ao Meetup.</p> <p>Sobre o MongoDB:</p> <p><strong>MongoDB</strong> (do 'hu<em>mongo</em>us') Ì© uma aplicaÌ_Ì£o de cÌ_digo aberto. de alta performance. sem esquemas. orientado ÌÊ documentos. Foi escrito na linguagem de programaÌ_Ì£o C++.åÊO banco de dados orientado ÌÊ documentos. sendo formado por um conjunto de documentos JSON. Muitas aplicaÌ_Ìµes podem. dessa forma. modelar informaÌ_Ìµes de um modo muito mais natural. pois os dados podem ser aninhadosåÊem complexas hierarquias e continuar a ser indexÌÁveisåÊe fÌÁceis de buscar.</p> <p>O desenvolvimento do MongoDB comeÌ_ou em outubro de 2007 pela 10gen. A primeira versÌ£o pÌ_blica foi lanÌ_ada em fevereiro de 2009. (fonte: Wikipedia)</p>""",0.7019715,-0.14713126," ""Coimbra""", ," ""Portugal""", Coimbra-MongoDB-User-Group,43," ""2013-05-13T15:34:14-04:00[US/Eastern]"""," ""2013-07-19T13:00:00-04:00[US/Eastern]""",1," ""Java. Open Source. Software Development. JavaScript. Cloud Computing. Big Data. JSON. Computer programming. NoSQL. The Cloud. nodeJS. MongoDB. Using MongoDB in the cloud. web application development. Python Web Development"""
8491602," ""Copenhagen MongoDB User Group"""," ""<p>This group is a place for developers to learn more about the non-relational. open source. document-oriented database MongoDB. MongoDB is the leading NoSQL database so if you are facing challenges with MySQL or Postgres or Oracle and want to explore a more flexible. scalable alternative. please join us at one of our monthly sessions. We're excited to have you join us for a presentation on MongoDB.</p>""",0.9717993,0.21938789," ""Copenhagen""", ," ""Denmark""", Copenhagen-MongoDB-User-Group,210," ""2013-05-14T22:35:02-04:00[US/Eastern]"""," ""2015-01-21T12:30:00-05:00[US/Eastern]""",7," ""Open Source. Python. Oracle. JavaScript. Django. JQuery. Big Data. JSON. Computer programming. JavaScript Libraries. NoSQL. HTML5. nodeJS. MongoDB. Using MongoDB in the cloud"""
9166192," ""MongoDB PerÌ_"""," ""<p>Ìäste es el Meetup Group para la comunidad de usuarios de MongoDB en el PerÌ_.</p> <p>MongoDB. nombre que proviene de 'humongous' ('descomunal' en inglÌ©s). AquÌ_ se abordarÌÁ casi todo relacionado con el banco de datos NoSQL MongoDB: instalaciÌ_n. exploraciÌ_n. desarrollo. mantenimiento. etc.</p> <p>Podemos encontrarnos en los siguientes sitios:</p> <ul> <li><a href='https://bit.ly/mongodbperu'>https://bit.ly/mongodbperu</a> (Lista de correos)</li> <li><a href='https://facebook.com/mongodbperu'>https://facebook.com/mongodbperu</a></li> <li><a href='https://twitter.com/mongodbperu'>https://twitter.com/mongodbperu</a></li> <li><a href='https://plus.google.com/communities/111761925906849299746'>https://plus.google.com/communities/111761925906849299746</a></li> </ul>""",-0.21066123,-1.3447763," ""Lima""", ," ""Peru""", mongodbperu,856," ""2013-07-01T09:28:24-04:00[US/Eastern]"""," ""2014-06-08T21:00:00-04:00[US/Eastern]""",18," ""Open Source. Python. JavaScript. Web Technology. Big Data. Database Development. JSON. Computer programming. NoSQL. HTML5. nodeJS. MongoDB. Using MongoDB in the cloud. Python Web Development"""
10008542," ""MongoDB Budapest"""," ""<p><span>This group is a place for developers to learn more about MongoDB. an open source. document-oriented. nosql database. If you are facing challenges with MySQL or Postgres or Oracle and want to explore a more flexible. scalable alternative. please join us at one of our monthly sessions.</span></p>""",0.8292059,0.33300883," ""Budapest""", ," ""Hungary""", MongoDB-Budapest,273," ""2013-08-28T12:00:17-04:00[US/Eastern]"""," ""2016-03-17T13:00:00-04:00[US/Eastern]""",4," ""PHP. Open Source. Ruby. Python. Software Development. New Technology. Internet Professionals. Big Data. Database Development. JSON. Computer programming. NoSQL. nodeJS. MongoDB"""
10269822," ""MongoDB Prague"""," ""<p><span>This group is a place for developers to learn more about MongoDB. an open source. document-oriented. nosql database. If you are facing challenges with MySQL or Postgres or Oracle and want to explore a more flexible. scalable alternative. please join us at one of our monthly sessions.</span></p>""",0.8740609,0.25185102," ""Prague""", ," ""Czech Republic""", MongoDB-Prague,110," ""2013-09-15T07:52:42-04:00[US/Eastern]"""," ""2014-03-17T13:30:00-04:00[US/Eastern]""",1," ""JavaScript. Web Development. Database Development. Czech Groups. JSON. Computer programming. NoSQL. Rest. nodeJS. Technology Startups. Prague. MongoDB. Using MongoDB in the cloud. BSON"""
10284342," ""MongoDB Rennes"""," ""<p>This group is a place for developers to learn more about the non-relational. open source. document-oriented database MongoDB. MongoDB is the leading NoSQL database so if you are facing challenges with MySQL or Postgres or Oracle and want to explore a more flexible. scalable alternative. please join us at one of our monthly sessions. We're excited to have you join us for a presentation on MongoDB.</p>""",0.83967793,-0.02932153," ""Rennes""", ," ""France""", MongoDB-Rennes,143," ""2013-09-16T07:17:36-04:00[US/Eastern]""", ,0," ""Open Source. Software Development. Web Development. Programming Languages. Database Development. Functional Programming. Computer programming. NoSQL. MongoDB. Using MongoDB in the cloud"""
10347882," ""MongoDB Milan"""," ""<p>This group is a place for developers to learn more about MongoDB. an open source. document-oriented. nosql database. If you are facing challenges with MySQL or Postgres or Oracle and want to explore a more flexible. scalable alternative. please join us at one of our monthly sessions.</p>""",0.79342663,0.16039576," ""Milano"""," ""MI"""," ""Italy""", MongoDB-Milan,581," ""2013-09-20T05:25:41-04:00[US/Eastern]"""," ""2015-12-22T13:00:00-05:00[US/Eastern]""",12," ""JavaScript. Cloud Computing. Database Development. NoSQL. nodeJS. MongoDB. Using MongoDB in the cloud. Graph Databases"""
10348562," ""MongoDB Edinburgh"""," ""<p>This group is a place for developers to learn more about MongoDB. an open source. document-oriented. nosql database. If you are facing challenges with MySQL or Postgres or Oracle and want to explore a more flexible. scalable alternative. please join us at one of our monthly sessions.</p>""",0.9765117,-0.055850536," ""Edinburgh""", ," ""United Kingdom""", MongoDB-Edinburgh,99," ""2013-09-20T07:08:20-04:00[US/Eastern]"""," ""2014-03-26T15:00:00-04:00[US/Eastern]""",2," ""Open Source. JavaScript. Cloud Computing. Big Data. Database Development. High Scalability Computing. JSON. NoSQL. The Cloud. nodeJS. MongoDB. Using MongoDB in the cloud. Graph Databases"""
10348822," ""MongoDB Istanbul"""," ""<p>This group is a place for developers in and around Madrid to learn more about the non-relational. open source. document-oriented database MongoDB. MongoDB is the leading NoSQL database and many of the key committers are based right here in Europe. So if you are facing challenges with MySQL or Postgres or Oracle and want to explore a more flexible. scalable alternative. please join us at one of our sessions.</p>""",0.7157595,0.5054473," ""Istanbul""", ," ""Turkey""", MongoDB-Istanbul,174," ""2013-09-20T07:39:27-04:00[US/Eastern]"""," ""2014-05-13T12:00:00-04:00[US/Eastern]""",1," ""Open Source. JavaScript. Cloud Computing. Big Data. Database Development. High Scalability Computing. PaaS (Platform as a Service). JSON. NoSQL. The Cloud. nodeJS. MongoDB. Using MongoDB in the cloud. Graph Databases"""
10420212," ""MongoDB Vienna"""," ""<p>This group is a place for developers to learn more about the non-relational. open source. document-oriented database MongoDB. MongoDB is the leading NoSQL database and many of the key committers often travel to London. So if you are facing challenges with MySQL or Postgres or Oracle and want to explore a more flexible. scalable alternative. please join us at one of our monthly sessions.</p>""",0.8415978,0.28571042," ""Vienna""", ," ""Austria""", MongoDB-Vienna,310," ""2013-09-25T03:59:35-04:00[US/Eastern]"""," ""2016-05-30T13:00:00-04:00[US/Eastern]""",9," ""Open Source. JavaScript. Cloud Computing. Big Data. Database Development. High Scalability Computing. NoSQL. nodeJS. MongoDB. Using MongoDB in the cloud. Graph Databases"""
10507172," ""Butwal MongoDB User Group"""," ""<p>Welcome to the MongoDB User Group in Butwal. We get together once a month to learn more about MongoDB. network and gain expertise in technologies. We look forward to having you join us!</p>""",0.48363072,1.4564772," ""Butwal""", ," ""Nepal""", Butwal-MongoDB-User-Group,48," ""2013-10-01T12:28:14-04:00[US/Eastern]"""," ""2013-11-07T23:15:00-05:00[US/Eastern]""",2," ""Linux. Open Source. Python. JavaScript. Cloud Computing. Hadoop. Big Data. Amazon Web Services. Computer programming. NoSQL. HTML5. nodeJS. MongoDB. Using MongoDB in the cloud. Python Web Development"""
10827622," ""Detroit MongoDB User Group"""," ""<p>This group is a place for developers to learn more about the non-relational. open source. document-oriented database MongoDB. MongoDB is the leading NoSQL database and many people are interested in learning more about it. So if you are facing challenges with MySQL or Postgres or Oracle and want to explore a more flexible. scalable. and fun alternative. please join us at one of our monthly sessions.</p>""",0.7389724,-1.4508922," ""Detroit"""," ""MI"""," ""USA""", Detroit-MongoDB-User-Group,229," ""2013-10-24T13:38:11-04:00[US/Eastern]"""," ""2016-04-09T11:00:00-04:00[US/Eastern]""",4," ""PHP. Open Source. Software Development. JavaScript. New Technology. Web Technology. Cloud Computing. Web Development. Hadoop. Big Data. High Scalability Computing. Data Analytics. Computer programming. nodeJS. MongoDB"""
10840972," ""Houston MongoDB User Group (MUG)"""," ""<p>This group is a place for developers to learn more about the open source. JSON-based document database MongoDB. MongoDB is the leading NoSQL database. So if you are facing challenges with MySQL. Postgres or Oracle and want to explore a more flexible. scalable alternative. please join us at one of our monthly sessions. We typically meet on the third Tuesday of the month. have some pizza and network. and enjoy a presentation on MongoDB.</p>""",0.51923543,-1.6641715," ""Houston"""," ""TX"""," ""USA""", Houston-MongoDB-User-Group-MUG,207," ""2013-10-25T14:57:41-04:00[US/Eastern]"""," ""2016-07-02T10:30:00-04:00[US/Eastern]""",8," ""PHP. Open Source. Python. Software Development. JavaScript. New Technology. Cloud Computing. Hadoop. Big Data. Data Analytics. Computer programming. NoSQL. MongoDB"""
10905532," ""Columbus MongoDB Meetup Group"""," ""<p>This group is a place for developers to learn more about MongoDB. an open source. document-oriented. nosql database. If you are facing challenges with MySQL or Postgres or Oracle and want to explore a more flexible. scalable alternative. please join us at one of our monthly sessions.</p>""",0.6976081,-1.4486233," ""Columbus"""," ""OH"""," ""USA""", Columbus-MongoDB-Meetup-Group,59," ""2013-10-30T13:32:10-04:00[US/Eastern]""", ,0," ""Open Source. Software Development. None. New Technology. Web Development. Computer programming. MongoDB"""
10905802," ""Minneapolis Mongo DB User Group"""," ""<p>This group is a place for developers to learn more about the open source. JSON-based document database MongoDB. MongoDB is the leading NoSQL database and many of in Minneapolis are trying to learn more about it. So if you are facing challenges with MySQL. Postgres or Oracle and want to explore a more flexible. scalable alternative. please join us at one of our monthly sessions.</p>""",0.78365284,-1.6282177," ""Minneapolis"""," ""MN"""," ""USA""", Minneapolis-Mongo-DB-User-Group,400," ""2013-10-30T13:44:51-04:00[US/Eastern]"""," ""2016-03-29T18:30:00-04:00[US/Eastern]""",5," ""Open Source. Software Development. None. New Technology. Web Development. Computer programming. MongoDB"""
11273322," ""MÌÁlaga MongoDB User Group"""," ""<p>The purpose of the group is for users and people interested in using MongoDB to be able to meet up with like-minded people. Anything around MongoDB goes. even including using MongoDB other NoSQL solutions. Usually the meeting will have at least one presentation.</p>""",0.64088494,-0.07714356," ""MÌÁlaga""", ," ""Spain""", Malaga-MongoDB-User-Group,60," ""2013-11-28T07:18:47-05:00[US/Eastern]"""," ""2016-02-25T13:30:00-05:00[US/Eastern]""",1," ""Linux. Open Source. Software Development. JavaScript. New Technology. Cloud Computing. Web Development. Hadoop. Big Data. High Scalability Computing. Computer programming. NoSQL. MongoDB. Using MongoDB in the cloud"""
11288542," ""Bergen NoSQL User Group"""," ""<p><span>Bergen NoSQL User Group is a place for developers to learn more and share their experiences about all the new and shiny NoSQL databases. </span><span>We discuss databases such as&nbsp;</span><b>MongoDB </b><span>and </span><b>CouchDB&nbsp;</b><span>document stores;&nbsp;</span><b>Neo4J</b><span> and </span><b>Giraph</b><span>&nbsp;graph stores;&nbsp;</span><b>Riak</b><span>. </span><b>Berkeley DB</b><span> and </span><b>Redis</b><span> key-value stores. and&nbsp;</span><b>Cassandra</b><span> and </span><b>HBase</b><span>&nbsp;wide-column stores; and many many more!</span><br></p> <p>If you are facing challenges with MySQL or Postgres or Oracle and want to explore a more flexible. scalable alternative. please join us at one of our meetups.</p>""",1.0538298,0.09320059," ""Bergen""", ," ""Norway""", Bergen-NoSQL,30," ""2013-11-30T04:35:15-05:00[US/Eastern]"""," ""2015-12-15T13:00:00-05:00[US/Eastern]""",1," ""Open Source. Software Development. JavaScript. New Technology. Cloud Computing. Web Development. Hadoop. Big Data. High Scalability Computing. Computer programming. NoSQL. HTML5. nodeJS. MongoDB. Using MongoDB in the cloud"""
11353872," ""Little Rock MongoDB User Group"""," ""<p>This group is a place for developers to learn more about the open source. JSON-based document database MongoDB. MongoDB is the leading NoSQL database and more people are adopting MongoDB everyday. So if you are facing challenges with MySQL. Postgres or Oracle and want to explore a more flexible. scalable alternative. please join us at one of our user group meetups. Our meetups typically consist of some pizza. networking and a presentation on MongoDB.</p>""",0.60650194,-1.6105899," ""Little Rock"""," ""AR"""," ""USA""", Little-Rock-MongoDB-User-Group,123," ""2013-12-05T12:37:03-05:00[US/Eastern]"""," ""2016-01-28T18:30:00-05:00[US/Eastern]""",19," ""Java. PHP. Open Source. Python. Software Development. New Technology. Cloud Computing. Programming Languages. Big Data. Database Development. Data Analytics. JSON. Computer programming. NoSQL. MongoDB"""
11398382," ""Mumbai MongoDB User Group"""," ""<p>This group is a place for developers. data analysts and BI experts to learn more about the non-relational. open source. document-oriented database MongoDB. which is the leading so-called 'NoSQL' solution. So if you are facing challenges with MySQL or Postgres or Oracle and want to explore a more flexible. scalable alternative. please join us at one of our monthly (or so) sessions.</p> <p> <br> Our goal is simply to share and exchange know-how. connect and have fun - online and offline. I'm sure there are a lot of people out there who share the same interests. so here's our chance to come together.</p>""",0.3309144,1.2709488," ""Mumbai""", ," ""India""", Mumbai-MongoDB-User-Group,537," ""2013-12-09T13:58:36-05:00[US/Eastern]"""," ""2016-04-21T11:30:00-04:00[US/Eastern]""",10," ""Open Source. JavaScript. Cloud Computing. Web Development. Hadoop. Big Data. Amazon Web Services. Database Development. High Scalability Computing. MapReduce. Text Analytics. Computer programming. NoSQL. MongoDB. Using MongoDB in the cloud"""
12002962," ""Dnipropetrovs'k MongoDB User Group"""," ""<p><b>{name: 'MUG'. location: 'Dnepropetrovsk. Ukraine'}</b><br>  </p> <p>This group is a place for developers to learn more about MongoDB. an open source. document-oriented. nosql database. If you are facing challenges with MySQL or Postgres or Oracle and want to explore a more flexible. scalable alternative. please join us at one of our monthly sessions.</p>""",0.84561205,0.6115634," ""Dnipropetrovs'k""", ," ""Ukraine""", Dnipropetrovsk-MongoDB-User-Group,157," ""2014-01-10T13:52:30-05:00[US/Eastern]"""," ""2015-11-21T15:00:00-05:00[US/Eastern]""",3," ""Open Source. Software Development. JavaScript. Hadoop. Big Data. Database Development. High Scalability Computing. JSON. NoSQL. nodeJS. Cross Platform Development. MongoDB. Using MongoDB in the cloud. document databases"""
12331662," ""Paderborn MongoDB User Group"""," ""<p>This group is a place for developers to learn more about MongoDB. an open source. document-oriented. nosql database. If you are facing challenges with MySQL or Postgres or Oracle and want to explore a more flexible. scalable alternative. please join us at one of our monthly sessions.</p>""",0.90268433,0.15254177," ""Paderborn""", ," ""Germany""", Paderborn-MongoDB-User-Group,17," ""2014-01-21T07:49:03-05:00[US/Eastern]""", ,0," ""Open Source. JavaScript. Big Data. Database Development. High Scalability Computing. MapReduce. JSON. NoSQL. nodeJS. MongoDB. Using MongoDB in the cloud"""
12331912," ""DÌ_sseldorf MongoDB User Group"""," ""<p>This group is a place for developers to learn more about MongoDB. an open source. document-oriented. nosql database. If you are facing challenges with MySQL or Postgres or Oracle and want to explore a more flexible. scalable alternative. please join us at one of our monthly sessions.</p>""",0.8943067,0.118507855," ""DÌ_sseldorf""", ," ""Germany""", Dusseldorf-MongoDB-User-Group,82," ""2014-01-21T08:00:19-05:00[US/Eastern]"""," ""2014-09-18T13:00:00-04:00[US/Eastern]""",2," ""Open Source. JavaScript. Big Data. Database Development. High Scalability Computing. MapReduce. JSON. NoSQL. nodeJS. MongoDB. Using MongoDB in the cloud"""
12398612," ""Sevilla MongoDB User Group"""," ""<p>We are a group dedicated to increasing knowledge and awareness about MongoDB. an Open Source. document-oriented. NoSQL database. Please join us for our monthly meetings to explore this flexible and scalable alternative to traditional relational databases like MySQL. Postgres. SQL Server and Oracle.</p>""",0.6527532,-0.10437069," ""Sevilla""", ," ""Spain""", Sevilla-MongoDB-User-Group,322," ""2014-01-23T14:06:23-05:00[US/Eastern]"""," ""2015-07-30T13:00:00-04:00[US/Eastern]""",11," ""Open Source. Oracle. None. JavaScript. PostgreSQL. Web Development. Big Data. Database Development. Data Analytics. NoSQL. nodeJS. MongoDB. Using MongoDB in the cloud. Postgres. PostgreSQL and Open Source Projects"""
12398752," ""Belfast MongoDB User Group"""," ""<p>We are a group dedicated to increasing knowledge and awareness about MongoDB. an Open Source. document-oriented. NoSQL database. Please join us for our monthly meetings to explore this flexible and scalable alternative to traditional relational databases like MySQL. Postgres. SQL Server and Oracle.</p>""",0.95294976,-0.10349802," ""Belfast""", ," ""United Kingdom""", Belfast-MongoDB-User-Group,97," ""2014-01-23T14:14:57-05:00[US/Eastern]""", ,0," ""Open Source. MySQL. None. Cloud Computing. Big Data. Database Development. High Scalability Computing. MapReduce. Data Mining. NoSQL. Open Data. MongoDB. Using MongoDB in the cloud. Big Data Analytics"""
12398862," ""Casablanca MongoDB User Group"""," ""<p>We are a group dedicated to increasing knowledge and awareness about MongoDB. an Open Source. document-oriented. NoSQL database. Please join us for our monthly meetings to explore this flexible and scalable alternative to traditional relational databases like MySQL. Postgres. SQL Server and Oracle.</p>""",0.5852089,-0.13229595," ""Casablanca""", ," ""Morocco""", Casablanca-MongoDB-User-Group,756," ""2014-01-23T14:18:58-05:00[US/Eastern]""", ,0," ""Java. Open Source. None. JavaScript. Cloud Computing. Big Data. Database Development. NoSQL. nodeJS. MongoDB. Using MongoDB in the cloud"""
12753762," ""Moscow MongoDB Meetup"""," ""<p>We are a group dedicated to increasing knowledge and awareness about MongoDB. an Open Source. document-oriented. NoSQL database. Please join us for our monthly meetings to explore this flexible and scalable alternative to traditional relational databases like MySQL. Postgres. SQL Server and Oracle.</p>""",0.97302103,0.65659285," ""Moscow""", ," ""Russia""", Moscow-MongoDB-User-Group,270," ""2014-02-06T14:47:15-05:00[US/Eastern]"""," ""2014-03-05T09:30:00-05:00[US/Eastern]""",1," ""Java. PHP. Open Source. Database Professionals. None. Internet Professionals. Web Technology. Business Strategy. Big Data. Database Development. NoSQL. MongoDB. Scalability"""
13162422," ""Cali MongoDB User Group"""," ""<p>Este grupo es un lugar para que desarrolladores aprendan mÌÁs acerca de <b>MongoDB</b> la base de datos no-relacional. open source y basada en documentos. MongoDB <b>estÌÁ cambiando la forma como los desarrolladores construyen aplicaciones</b> y tiene una comunidad que crece cada vez mÌÁs en el mundo entero. Si estas enfrentando desafÌ_os con <b>MySQL. Postgres u Oracle</b> y quieres explorar la productividad. la facilidad de uso y laåÊescalabilidad. entre otras caracterÌ_sticas Ì_nicas que MongoDB ofrece; <b>åÁÌ_nete con nosotros!</b> y vive una de nuestras sesiones mensuales. Y si tienes alguna experiencia con MongoDB para compartir. åÁHÌÁznoslo saber!. <b>åÁEstaremos encantados de conocerte!</b><br>  </p> <p><span><b>English Version:</b><br>  This group is a place for developers to learn more about the non-relational. open source. document database MongoDB. MongoDB is changing the way developers build applications and has built a thriving global community that you can join. If you are facing challenges with MySQL or Postgres or Oracle and want to explore MongoDB‰Ûªs developer productivity. ease of use and scalability. please join us at one of our monthly sessions. If you have MongoDB experience to share. let us know! We would love to have you present!</span><br>  </p>""",0.059690263,-1.3353515," ""Cali""", ," ""Colombia""", Cali-MongoDB-User-Group,176," ""2014-03-04T19:30:34-05:00[US/Eastern]"""," ""2015-10-10T11:00:00-04:00[US/Eastern]""",7," ""PHP. Open Source. Ruby. Python. Software Development. Web Development. Hadoop. Big Data. Database Development. High Scalability Computing. Computer programming. NoSQL. MongoDB. Using MongoDB in the cloud"""
13192052," ""Padova MongoDB User Group"""," ""<p>Il gruppo si rivolte a sviluppatori. responsabili IT. DevOps e tutti coloro che vogliono scoprire. discutere e condividere le proprie esperienze su MongoDB.</p> <p>MongoDB Ì¬ un database NoSQL . open source ed orientato ai documenti che offre un'alternativa flessibile. scalabili åÊe agile ai tradizionali database relazionali MySQL. Postgres o Oracle.</p> <p>L'obiettivo del gruppo Ì¬ crescere e condividere le esperienze! Cosa aspettate unitevi al gruppo!</p>""",0.792554,0.20734511," ""Padova"""," ""PD"""," ""Italy""", Padova-MongoDB-User-Group,68," ""2014-03-06T11:01:08-05:00[US/Eastern]"""," ""2014-09-30T13:00:00-04:00[US/Eastern]""",3," ""Open Source. JavaScript. Hadoop. Big Data. Database Development. High Scalability Computing. NoSQL. nodeJS. MongoDB. Using MongoDB in the cloud"""
13302662," ""Dallas mongoDB Meetup"""," ""<p>This is a group for those interested in learning more about the Open Source database MongoDB. All levels of experience are welcome. So whether you've been playing with MongoDB for a few months. or have built and scaled a robust MongoDB powered website. this group is for you. We will plan to meet once a month and will focus on presentations. hackathons and study sessions. We'd love to hear what you'd like to see out of the group and how you can help contribute to this growing community.</p>""",0.57229346,-1.6894788," ""Dallas"""," ""TX"""," ""USA""", Dallas-mongoDB-Meetup,891," ""2014-03-12T09:34:16-04:00[US/Eastern]"""," ""2016-09-13T19:30:00-04:00[US/Eastern]""",26," ""Open Source. JavaScript. Hadoop. Big Data. Database Development. High Scalability Computing. MapReduce. JSON. NoSQL. nodeJS. MongoDB. Using MongoDB in the cloud"""